{
  "model_type": "RandomForestRegressor",
  "version": "1.0",
  "features": [
    "total_duration",
    "prompt_token_length",
    "response_token_length",
    "response_duration",
    "word_count",
    "reading_time"
  ],
  "target": "energy_consumption_llm_total",
  "n_estimators": 100,
  "max_depth": 10,
  "feature_importances": [
    0.10528684578644042,
    0.01435930188497505,
    0.6284314179077657,
    0.2187701521654805,
    0.012348013454284433,
    0.020804268801053908
  ],
  "performance": {
    "mse": 4.433692157718565e-08,
    "r2": 0.8629493657243242,
    "rmse": 0.00021056334338432614
  },
  "linear_model": {
    "coefficients": [
      -1.849220793659567e-15,
      2.7875105421044257e-07,
      4.2845374585595944e-07,
      4.083090346745596e-15,
      -3.7202765185378166e-07,
      -1.9803131094367257e-08
    ],
    "intercept": -1.769961358470275e-05,
    "r2": 0.47640750648888563
  },
  "data_stats": {
    "feature_means": [
      27353760156.12715,
      61.53637233025183,
      283.8765317182021,
      24646034000.0255,
      47.17374561683137,
      2.9060202741478234
    ],
    "feature_stds": [
      98714573765.50076,
      104.32296402238154,
      1300.3204564861446,
      96806395363.8329,
      82.75029535197899,
      5.0919901256849425
    ],
    "target_mean": 0.00015341765720887902,
    "target_std": 0.0007722480863011729,
    "target_min": 3.6269939123295065e-06,
    "target_max": 0.1437859559493078
  }
}